USERNAME,REPONAME,REPOURL,STARS
mrdoob,three.js,http://github.com/mrdoob/three.js,74k
libgdx,libgdx,http://github.com/libgdx/libgdx,18.9k
pmndrs,react-three-fiber,http://github.com/pmndrs/react-three-fiber,14.9k
BabylonJS,Babylon.js,http://github.com/BabylonJS/Babylon.js,14.8k
aframevr,aframe,http://github.com/aframevr/aframe,13k
ssloy,tinyrenderer,http://github.com/ssloy/tinyrenderer,11.2k
lettier,3d-game-shaders-for-beginners,http://github.com/lettier/3d-game-shaders-for-beginners,11k
FreeCAD,FreeCAD,http://github.com/FreeCAD/FreeCAD,9.8k
metafizzy,zdog,http://github.com/metafizzy/zdog,8.6k
CesiumGS,cesium,http://github.com/CesiumGS/cesium,7.4k
timzhang642,3D-Machine-Learning,http://github.com/timzhang642/3D-Machine-Learning,7k
a1studmuffin,SpaceshipGenerator,http://github.com/a1studmuffin/SpaceshipGenerator,6.9k
isl-org,Open3D,http://github.com/isl-org/Open3D,5.4k
spritejs,spritejs,http://github.com/spritejs/spritejs,4.6k
tensorspace-team,tensorspace,http://github.com/tensorspace-team/tensorspace,4.5k
jagenjo,webglstudio.js,http://github.com/jagenjo/webglstudio.js,4.4k
YadiraF,PRNet,http://github.com/YadiraF/PRNet,4.4k
AaronJackson,vrn,http://github.com/AaronJackson/vrn,4.4k
domlysz,BlenderGIS,http://github.com/domlysz/BlenderGIS,4.2k
openscad,openscad,http://github.com/openscad/openscad,4.2k
ssloy,tinyraytracer,http://github.com/ssloy/tinyraytracer,3.9k
mosra,magnum,http://github.com/mosra/magnum,3.6k
google,model-viewer,http://github.com/google/model-viewer,3.3k
blender,blender,http://github.com/blender/blender,3.3k
gfxfundamentals,webgl-fundamentals,http://github.com/gfxfundamentals/webgl-fundamentals,3.1k
cleardusk,3DDFA,http://github.com/cleardusk/3DDFA,3.1k
jasonlong,isometric-contributions,http://github.com/jasonlong/isometric-contributions,3k
rg3dengine,rg3d,http://github.com/rg3dengine/rg3d,2.7k
antvis,L7,http://github.com/antvis/L7,2.4k
cnr-isti-vclab,meshlab,http://github.com/cnr-isti-vclab/meshlab,2.4k
metafizzy,infinite-scroll,http://github.com/metafizzy/infinite-scroll,6.9k
ljianshu,Blog,http://github.com/ljianshu/Blog,6.7k
developit,unfetch,http://github.com/developit/unfetch,5.2k
jquery-form,form,http://github.com/jquery-form/form,5.1k
Studio-42,elFinder,http://github.com/Studio-42/elFinder,4.1k
olifolkerd,tabulator,http://github.com/olifolkerd/tabulator,4.1k
ded,reqwest,http://github.com/ded/reqwest,2.9k
dwyl,learn-to-send-email-via-google-script-html-no-server,http://github.com/dwyl/learn-to-send-email-via-google-script-html-no-server,2.6k
LeaVerou,bliss,http://github.com/LeaVerou/bliss,2.3k
elbywan,wretch,http://github.com/elbywan/wretch,2.2k
noelboss,featherlight,http://github.com/noelboss/featherlight,2k
wendux,Ajax-hook,http://github.com/wendux/Ajax-hook,1.8k
craftpip,jquery-confirm,http://github.com/craftpip/jquery-confirm,1.7k
ptaoussanis,sente,http://github.com/ptaoussanis/sente,1.6k
yisainan,web-interview,http://github.com/yisainan/web-interview,1.5k
joaomilho,Enterprise,http://github.com/joaomilho/Enterprise,1.5k
nette,tracy,http://github.com/nette/tracy,1.4k
u014427391,jeeplatform,http://github.com/u014427391/jeeplatform,1.3k
MoOx,pjax,http://github.com/MoOx/pjax,1.2k
loadingio,css-spinner,http://github.com/loadingio/css-spinner,1.1k
codingforentrepreneurs,eCommerce,http://github.com/codingforentrepreneurs/eCommerce,1.1k
danielm,uploader,http://github.com/danielm/uploader,1.1k
renderedtext,render_async,http://github.com/renderedtext/render_async,1k
swlib,saber,http://github.com/swlib/saber,916
webcreate,infinite-ajax-scroll,http://github.com/webcreate/infinite-ajax-scroll,826
proyecto26,RestClient,http://github.com/proyecto26/RestClient,778
opensource-socialnetwork,opensource-socialnetwork,http://github.com/opensource-socialnetwork/opensource-socialnetwork,776
rapidjs,rapid.js,http://github.com/rapidjs/rapid.js,706
csxiaoyaojianxian,JavaScriptStudy,http://github.com/csxiaoyaojianxian/JavaScriptStudy,556
cferdinandi,atomic,http://github.com/cferdinandi/atomic,531
jwasham,coding-interview-university,http://github.com/jwasham/coding-interview-university,191k
CyC2018,CS-Notes,http://github.com/CyC2018/CS-Notes,138k
trekhleb,javascript-algorithms,http://github.com/trekhleb/javascript-algorithms,118k
TheAlgorithms,Python,http://github.com/TheAlgorithms/Python,116k
yangshun,tech-interview-handbook,http://github.com/yangshun/tech-interview-handbook,57k
kdn251,interviews,http://github.com/kdn251/interviews,53.8k
azl397985856,leetcode,http://github.com/azl397985856/leetcode,43.9k
algorithm-visualizer,algorithm-visualizer,http://github.com/algorithm-visualizer/algorithm-visualizer,35.3k
crossoverJie,JCSprout,http://github.com/crossoverJie/JCSprout,26.4k
donnemartin,interactive-coding-challenges,http://github.com/donnemartin/interactive-coding-challenges,23.6k
huihut,interview,http://github.com/huihut/interview,20.2k
halfrost,LeetCode-Go,http://github.com/halfrost/LeetCode-Go,19.9k
keon,algorithms,http://github.com/keon/algorithms,19.7k
trekhleb,homemade-machine-learning,http://github.com/trekhleb/homemade-machine-learning,18.2k
mxgmn,WaveFunctionCollapse,http://github.com/mxgmn/WaveFunctionCollapse,16.8k
youngyangyang04,leetcode-master,http://github.com/youngyangyang04/leetcode-master,15.4k
TheAlgorithms,C-Plus-Plus,http://github.com/TheAlgorithms/C-Plus-Plus,14.5k
AtsushiSakai,PythonRobotics,http://github.com/AtsushiSakai/PythonRobotics,13k
OpenGenus,cosmos,http://github.com/OpenGenus/cosmos,12.7k
TheAlgorithms,Javascript,http://github.com/TheAlgorithms/Javascript,12.5k
greyireland,algorithm-pattern,http://github.com/greyireland/algorithm-pattern,12.5k
williamfiset,Algorithms,http://github.com/williamfiset/Algorithms,10.8k
apachecn,apachecn-algo-zh,http://github.com/apachecn/apachecn-algo-zh,10.4k
halfrost,Halfrost-Field,http://github.com/halfrost/Halfrost-Field,9.4k
lnishan,awesome-competitive-programming,http://github.com/lnishan/awesome-competitive-programming,8.8k
Blankj,awesome-java-leetcode,http://github.com/Blankj/awesome-java-leetcode,8.2k
jeffgerickson,algorithms,http://github.com/jeffgerickson/algorithms,7.2k
mgechev,javascript-algorithms,http://github.com/mgechev/javascript-algorithms,6.8k
LeetCode-OpenSource,vscode-leetcode,http://github.com/LeetCode-OpenSource/vscode-leetcode,6.8k
OlafenwaMoses,ImageAI,http://github.com/OlafenwaMoses/ImageAI,6.5k
amphp,amp,http://github.com/amphp/amp,3.3k
danog,MadelineProto,http://github.com/danog/MadelineProto,1.6k
amphp,http-server,http://github.com/amphp/http-server,1.1k
unreal4u,telegram-api,http://github.com/unreal4u/telegram-api,664
amphp,http-client,http://github.com/amphp/http-client,578
amphp,parallel,http://github.com/amphp/parallel,513
php-service-bus,service-bus,http://github.com/php-service-bus/service-bus,297
amphp,mysql,http://github.com/amphp/mysql,244
amphp,byte-stream,http://github.com/amphp/byte-stream,239
amphp,parallel-functions,http://github.com/amphp/parallel-functions,194
amphp,process,http://github.com/amphp/process,137
amphp,socket,http://github.com/amphp/socket,135
amphp,redis,http://github.com/amphp/redis,114
kelunik,acme,http://github.com/kelunik/acme,103
amphp,dns,http://github.com/amphp/dns,93
PeeHaa,mailgrab,http://github.com/PeeHaa/mailgrab,91
amphp,websocket-client,http://github.com/amphp/websocket-client,89
amphp,sync,http://github.com/amphp/sync,79
jolicode,asynit,http://github.com/jolicode/asynit,67
amphp,websocket-server,http://github.com/amphp/websocket-server,64
amphp,postgres,http://github.com/amphp/postgres,58
amphp,file,http://github.com/amphp/file,57
amphp,cache,http://github.com/amphp/cache,55
amphp,beanstalk,http://github.com/amphp/beanstalk,54
amphp,windows-registry,http://github.com/amphp/windows-registry,51
amphp,hpack,http://github.com/amphp/hpack,50
amphp,serialization,http://github.com/amphp/serialization,49
phpinnacle,ridge,http://github.com/phpinnacle/ridge,41
Room-11,Jeeves,http://github.com/Room-11/Jeeves,41
amphp,aerys,http://github.com/amphp/aerys,41
flutter,flutter,http://github.com/flutter/flutter,129k
justjavac,free-programming-books-zh_CN,http://github.com/justjavac/free-programming-books-zh_CN,82.6k
Genymobile,scrcpy,http://github.com/Genymobile/scrcpy,53.8k
Hack-with-Github,Awesome-Hacking,http://github.com/Hack-with-Github/Awesome-Hacking,45.7k
google,material-design-icons,http://github.com/google/material-design-icons,43.7k
wasabeef,awesome-android-ui,http://github.com/wasabeef/awesome-android-ui,41.2k
square,okhttp,http://github.com/square/okhttp,40.7k
android,architecture-samples,http://github.com/android/architecture-samples,39.4k
square,retrofit,http://github.com/square/retrofit,38.6k
Solido,awesome-flutter,http://github.com/Solido/awesome-flutter,37.2k
PhilJay,MPAndroidChart,http://github.com/PhilJay/MPAndroidChart,33.9k
fastlane,fastlane,http://github.com/fastlane/fastlane,32.8k
shadowsocks,shadowsocks-android,http://github.com/shadowsocks/shadowsocks-android,31.8k
airbnb,lottie-android,http://github.com/airbnb/lottie-android,31.7k
bumptech,glide,http://github.com/bumptech/glide,31.6k
Trinea,android-open-project,http://github.com/Trinea/android-open-project,30.7k
Blankj,AndroidUtilCode,http://github.com/Blankj/AndroidUtilCode,29.8k
xitu,gold-miner,http://github.com/xitu/gold-miner,29.4k
bilibili,ijkplayer,http://github.com/bilibili/ijkplayer,29.3k
zxing,zxing,http://github.com/zxing/zxing,28.3k
codepath,android_guides,http://github.com/codepath/android_guides,27.5k
skylot,jadx,http://github.com/skylot/jadx,27k
square,leakcanary,http://github.com/square/leakcanary,26.6k
laurent22,joplin,http://github.com/laurent22/joplin,25.1k
alibaba,fastjson,http://github.com/alibaba/fastjson,23.7k
scwang90,SmartRefreshLayout,http://github.com/scwang90/SmartRefreshLayout,22.9k
CymChad,BaseRecyclerViewAdapterHelper,http://github.com/CymChad/BaseRecyclerViewAdapterHelper,22.2k
react-native-elements,react-native-elements,http://github.com/react-native-elements/react-native-elements,21.2k
google,iosched,http://github.com/google/iosched,20.7k
NativeScript,NativeScript,http://github.com/NativeScript/NativeScript,20.4k
justjavac,free-programming-books-zh_CN,http://github.com/justjavac/free-programming-books-zh_CN,82.6k
angular,angular,http://github.com/angular/angular,76.2k
storybookjs,storybook,http://github.com/storybookjs/storybook,64.4k
ionic-team,ionic-framework,http://github.com/ionic-team/ionic-framework,45.2k
leonardomso,33-js-concepts,http://github.com/leonardomso/33-js-concepts,43.3k
prettier,prettier,http://github.com/prettier/prettier,40.5k
SheetJS,sheetjs,http://github.com/SheetJS/sheetjs,27.2k
angular,angular-cli,http://github.com/angular/angular-cli,24.8k
angular,components,http://github.com/angular/components,21.9k
NativeScript,NativeScript,http://github.com/NativeScript/NativeScript,20.4k
Eugeny,tabby,http://github.com/Eugeny/tabby,19.2k
jhipster,generator-jhipster,http://github.com/jhipster/generator-jhipster,18.8k
handsontable,handsontable,http://github.com/handsontable/handsontable,15.6k
teambit,bit,http://github.com/teambit/bit,13.9k
sweetalert2,sweetalert2,http://github.com/sweetalert2/sweetalert2,13.4k
goldbergyoni,javascript-testing-best-practices,http://github.com/goldbergyoni/javascript-testing-best-practices,13k
linnovate,mean,http://github.com/linnovate/mean,12.1k
coreui,coreui-free-bootstrap-admin-template,http://github.com/coreui/coreui-free-bootstrap-admin-template,10.9k
codesandbox,codesandbox-client,http://github.com/codesandbox/codesandbox-client,10.9k
PatrickJS,angular-starter,http://github.com/PatrickJS/angular-starter,10.4k
Chocobozzz,PeerTube,http://github.com/Chocobozzz/PeerTube,9.6k
angular,protractor,http://github.com/angular/protractor,8.8k
OnsenUI,OnsenUI,http://github.com/OnsenUI/OnsenUI,8.4k
nrwl,nx,http://github.com/nrwl/nx,8.3k
text-mask,text-mask,http://github.com/text-mask/text-mask,8.1k
PatrickJS,awesome-angular,http://github.com/PatrickJS/awesome-angular,8k
ng-bootstrap,ng-bootstrap,http://github.com/ng-bootstrap/ng-bootstrap,7.8k
NG-ZORRO,ng-zorro-antd,http://github.com/NG-ZORRO/ng-zorro-antd,7.7k
ag-grid,ag-grid,http://github.com/ag-grid/ag-grid,7.5k
dotansimha,graphql-code-generator,http://github.com/dotansimha/graphql-code-generator,7.5k
ansible,ansible,http://github.com/ansible/ansible,49.7k
StreisandEffect,streisand,http://github.com/StreisandEffect/streisand,22.5k
trailofbits,algo,http://github.com/trailofbits/algo,21.4k
bregman-arie,devops-exercises,http://github.com/bregman-arie/devops-exercises,13.8k
kubernetes-sigs,kubespray,http://github.com/kubernetes-sigs/kubespray,11.1k
ansible,awx,http://github.com/ansible/awx,10.1k
easzlab,kubeasz,http://github.com/easzlab/kubeasz,7.3k
geerlingguy,ansible-for-devops,http://github.com/geerlingguy/ansible-for-devops,4.9k
ansible-semaphore,semaphore,http://github.com/ansible-semaphore/semaphore,4.3k
rundeck,rundeck,http://github.com/rundeck/rundeck,4.3k
Tikam02,DevOps-Guide,http://github.com/Tikam02/DevOps-Guide,3.9k
geerlingguy,mac-dev-playbook,http://github.com/geerlingguy/mac-dev-playbook,3.9k
KubeOperator,KubeOperator,http://github.com/KubeOperator/KubeOperator,3.8k
ansible-community,molecule,http://github.com/ansible-community/molecule,3.2k
clong,DetectionLab,http://github.com/clong/DetectionLab,3k
opendevops-cn,opendevops,http://github.com/opendevops-cn/opendevops,2.8k
welliamcao,OpsManage,http://github.com/welliamcao/OpsManage,2.8k
werf,werf,http://github.com/werf/werf,2.6k
ansible-community,ansible-lint,http://github.com/ansible-community/ansible-lint,2.6k
netbootxyz,netboot.xyz,http://github.com/netbootxyz/netboot.xyz,2.5k
dev-sec,ansible-collection-hardening,http://github.com/dev-sec/ansible-collection-hardening,2.4k
alixaxel,chrome-aws-lambda,http://github.com/alixaxel/chrome-aws-lambda,2.4k
roots,trellis,http://github.com/roots/trellis,2.3k
ansistrano,deploy,http://github.com/ansistrano/deploy,2.1k
litmuschaos,litmus,http://github.com/litmuschaos/litmus,2.1k
openshift,openshift-ansible,http://github.com/openshift/openshift-ansible,2k
fboender,ansible-cmdb,http://github.com/fboender/ansible-cmdb,2k
pytest-dev,pytest-testinfra,http://github.com/pytest-dev/pytest-testinfra,1.9k
leucos,ansible-tuto,http://github.com/leucos/ansible-tuto,1.9k
Artemmkin,infrastructure-as-code-tutorial,http://github.com/Artemmkin/infrastructure-as-code-tutorial,1.9k
public-apis,public-apis,http://github.com/public-apis/public-apis,154k
httpie,httpie,http://github.com/httpie/httpie,51.8k
neovim,neovim,http://github.com/neovim/neovim,46.8k
strapi,strapi,http://github.com/strapi/strapi,39.3k
tiangolo,fastapi,http://github.com/tiangolo/fastapi,35.5k
slatedocs,slate,http://github.com/slatedocs/slate,33k
hoppscotch,hoppscotch,http://github.com/hoppscotch/hoppscotch,30.9k
hasura,graphql-engine,http://github.com/hasura/graphql-engine,23.9k
YMFE,yapi,http://github.com/YMFE/yapi,22.3k
encode,django-rest-framework,http://github.com/encode/django-rest-framework,21.8k
littlecodersh,ItChat,http://github.com/littlecodersh/ItChat,21.7k
Binaryify,NeteaseCloudMusicApi,http://github.com/Binaryify/NeteaseCloudMusicApi,21.1k
ccxt,ccxt,http://github.com/ccxt/ccxt,20.9k
paularmstrong,normalizr,http://github.com/paularmstrong/normalizr,20.4k
FallibleInc,security-guide-for-developers,http://github.com/FallibleInc/security-guide-for-developers,19.9k
Kong,insomnia,http://github.com/Kong/insomnia,17.5k
microsoft,api-guidelines,http://github.com/microsoft/api-guidelines,17.5k
shieldfy,API-Security-Checklist,http://github.com/shieldfy/API-Security-Checklist,15.9k
learn-anything,learn-anything,http://github.com/learn-anything/learn-anything,13.3k
youfou,wxpy,http://github.com/youfou/wxpy,13k
jsdoc,jsdoc,http://github.com/jsdoc/jsdoc,12.3k
BrainJS,brain.js,http://github.com/BrainJS/brain.js,12.1k
directus,directus,http://github.com/directus/directus,12k
ChainSafe,web3.js,http://github.com/ChainSafe/web3.js,11.1k
graphile,postgraphile,http://github.com/graphile/postgraphile,10.6k
micro,micro,http://github.com/micro/micro,10.3k
postmanlabs,httpbin,http://github.com/postmanlabs/httpbin,10.1k
go-chi,chi,http://github.com/go-chi/chi,10k
star7th,showdoc,http://github.com/star7th/showdoc,9.8k
OpenAPITools,openapi-generator,http://github.com/OpenAPITools/openapi-generator,9.6k
arendst,Tasmota,http://github.com/arendst/Tasmota,16k
rwaldron,johnny-five,http://github.com/rwaldron/johnny-five,12.4k
arduino,Arduino,http://github.com/arduino/Arduino,12k
MarlinFirmware,Marlin,http://github.com/MarlinFirmware/Marlin,11.7k
SpacehuhnTech,esp8266_deauther,http://github.com/SpacehuhnTech/esp8266_deauther,8.9k
tinygo-org,tinygo,http://github.com/tinygo-org/tinygo,8.5k
hybridgroup,gobot,http://github.com/hybridgroup/gobot,7.3k
espressif,arduino-esp32,http://github.com/espressif/arduino-esp32,7.2k
gurugio,lowlevelprogramming-university,http://github.com/gurugio/lowlevelprogramming-university,7k
bblanchon,ArduinoJson,http://github.com/bblanchon/ArduinoJson,5.3k
platformio,platformio-core,http://github.com/platformio/platformio-core,5.3k
tzapu,WiFiManager,http://github.com/tzapu/WiFiManager,4.8k
hybridgroup,cylon,http://github.com/hybridgroup/cylon,3.8k
Arduino-IRremote,Arduino-IRremote,http://github.com/Arduino-IRremote/Arduino-IRremote,3.3k
blynkkk,blynk-library,http://github.com/blynkkk/blynk-library,3.2k
NectarJS,nectarjs,http://github.com/NectarJS/nectarjs,3k
arduino,arduino-cli,http://github.com/arduino/arduino-cli,3k
gioblu,PJON,http://github.com/gioblu/PJON,2.6k
olikraus,u8g2,http://github.com/olikraus/u8g2,2.5k
1technophile,OpenMQTTGateway,http://github.com/1technophile/OpenMQTTGateway,2.3k
scottlawsonbc,audio-reactive-led-strip,http://github.com/scottlawsonbc/audio-reactive-led-strip,2.1k
isl-org,OpenBot,http://github.com/isl-org/OpenBot,1.9k
Serial-Studio,Serial-Studio,http://github.com/Serial-Studio/Serial-Studio,1.9k
crankyoldgit,IRremoteESP8266,http://github.com/crankyoldgit/IRremoteESP8266,1.9k
scottbez1,splitflap,http://github.com/scottbez1/splitflap,1.8k
nRF24,RF24,http://github.com/nRF24/RF24,1.8k
stm32duino,Arduino_Core_STM32,http://github.com/stm32duino/Arduino_Core_STM32,1.6k
ThingPulse,esp8266-oled-ssd1306,http://github.com/ThingPulse/esp8266-oled-ssd1306,1.5k
blinker-iot,blinker-library,http://github.com/blinker-iot/blinker-library,1.5k
Bodmer,TFT_eSPI,http://github.com/Bodmer/TFT_eSPI,1.4k
aspnetboilerplate,aspnetboilerplate,http://github.com/aspnetboilerplate/aspnetboilerplate,9.8k
dotnet,AspNetCore.Docs,http://github.com/dotnet/AspNetCore.Docs,9.6k
bitwarden,server,http://github.com/bitwarden/server,8.2k
ElectronNET,Electron.NET,http://github.com/ElectronNET/Electron.NET,5.9k
RicoSuter,NSwag,http://github.com/RicoSuter/NSwag,4.5k
thangchung,clean-code-dotnet,http://github.com/thangchung/clean-code-dotnet,4.1k
JimBobSquarePants,ImageProcessor,http://github.com/JimBobSquarePants/ImageProcessor,2.4k
smartstore,SmartStoreNET,http://github.com/smartstore/SmartStoreNET,2.3k
dotnet,aspnet-api-versioning,http://github.com/dotnet/aspnet-api-versioning,2.1k
loic-sharma,BaGet,http://github.com/loic-sharma/BaGet,1.8k
TrilonIO,aspnetcore-angular-universal,http://github.com/TrilonIO/aspnetcore-angular-universal,1.5k
mjebrahimi,Awesome-Microservices-NetCore,http://github.com/mjebrahimi/Awesome-Microservices-NetCore,1.3k
TrilonIO,aspnetcore-Vue-starter,http://github.com/TrilonIO/aspnetcore-Vue-starter,1.2k
lampo1024,DncZeus,http://github.com/lampo1024/DncZeus,1.1k
MarimerLLC,csla,http://github.com/MarimerLLC/csla,944
riganti,dotvvm,http://github.com/riganti/dotvvm,559
cornflourblue,aspnet-core-3-jwt-authentication-api,http://github.com/cornflourblue/aspnet-core-3-jwt-authentication-api,531
antonioCoco,SharPyShell,http://github.com/antonioCoco/SharPyShell,469
chsakell,mvcarchitecture,http://github.com/chsakell/mvcarchitecture,445
brthor,Gofer.NET,http://github.com/brthor/Gofer.NET,413
YAFNET,YAFNET,http://github.com/YAFNET/YAFNET,386
Maarten88,rrod,http://github.com/Maarten88/rrod,375
SapphireDb,SapphireDb,http://github.com/SapphireDb/SapphireDb,348
IvanJosipovic,BlazorTable,http://github.com/IvanJosipovic/BlazorTable,332
Taritsyn,WebMarkupMin,http://github.com/Taritsyn/WebMarkupMin,330
EEParker,aspnetcore-vueclimiddleware,http://github.com/EEParker/aspnetcore-vueclimiddleware,287
ALMMa,datatables.aspnet,http://github.com/ALMMa/datatables.aspnet,282
cornflourblue,aspnet-core-jwt-authentication-api,http://github.com/cornflourblue/aspnet-core-jwt-authentication-api,276
chsakell,aspnet-core-identity,http://github.com/chsakell/aspnet-core-identity,275
ElectronNET,electron.net-api-demos,http://github.com/ElectronNET/electron.net-api-demos,250
atom,atom,http://github.com/atom/atom,56k
mjswensen,themer,http://github.com/mjswensen/themer,4.3k
nteract,hydrogen,http://github.com/nteract/hydrogen,3.7k
shd101wyy,markdown-preview-enhanced,http://github.com/shd101wyy/markdown-preview-enhanced,3.4k
miniflux,v2,http://github.com/miniflux/v2,3.1k
atom,teletype,http://github.com/atom/teletype,2.3k
mehcode,awesome-atom,http://github.com/mehcode/awesome-atom,1.9k
mmcdole,gofeed,http://github.com/mmcdole/gofeed,1.7k
joefitzgerald,go-plus,http://github.com/joefitzgerald/go-plus,1.5k
Glavin001,atom-beautify,http://github.com/Glavin001/atom-beautify,1.5k
simplepie,simplepie,http://github.com/simplepie/simplepie,1.4k
t9md,atom-vim-mode-plus,http://github.com/t9md/atom-vim-mode-plus,1.4k
ocaml,merlin,http://github.com/ocaml/merlin,1.3k
kurtmckee,feedparser,http://github.com/kurtmckee/feedparser,1.3k
MagicStack,MagicPython,http://github.com/MagicStack/MagicPython,1.3k
atom,apm,http://github.com/atom/apm,1.2k
file-icons,atom,http://github.com/file-icons/atom,1.1k
kettanaito,atomic-layout,http://github.com/kettanaito/atomic-layout,988
atom,github,http://github.com/atom/github,948
danhper,atomic-chrome,http://github.com/danhper/atomic-chrome,930
nmdias,FeedKit,http://github.com/nmdias/FeedKit,928
nathanbuchar,atom-one-dark-terminal,http://github.com/nathanbuchar/atom-one-dark-terminal,916
jesseweed,seti-ui,http://github.com/jesseweed/seti-ui,872
fwcd,kotlin-language-server,http://github.com/fwcd/kotlin-language-server,763
prettier,prettier-atom,http://github.com/prettier/prettier-atom,761
raphamorim,lucario,http://github.com/raphamorim/lucario,724
atom-community,atom-script,http://github.com/atom-community/atom-script,722
jasonmunro,cypht,http://github.com/jasonmunro/cypht,669
jekyll,jekyll-feed,http://github.com/jekyll/jekyll-feed,663
lwindolf,liferea,http://github.com/lwindolf/liferea,646
sindresorhus,awesome,http://github.com/sindresorhus/awesome,168k
vinta,awesome-python,http://github.com/vinta/awesome-python,102k
avelino,awesome-go,http://github.com/avelino/awesome-go,67.8k
awesome-selfhosted,awesome-selfhosted,http://github.com/awesome-selfhosted/awesome-selfhosted,62.9k
papers-we-love,papers-we-love,http://github.com/papers-we-love/papers-we-love,49k
trimstray,the-book-of-secret-knowledge,http://github.com/trimstray/the-book-of-secret-knowledge,47.8k
521xueweihan,HelloGitHub,http://github.com/521xueweihan/HelloGitHub,46.4k
Hack-with-Github,Awesome-Hacking,http://github.com/Hack-with-Github/Awesome-Hacking,45.7k
jaywcjlove,awesome-mac,http://github.com/jaywcjlove/awesome-mac,45.3k
DopplerHQ,awesome-interview-questions,http://github.com/DopplerHQ/awesome-interview-questions,42.3k
sindresorhus,awesome-nodejs,http://github.com/sindresorhus/awesome-nodejs,42.2k
wasabeef,awesome-android-ui,http://github.com/wasabeef/awesome-android-ui,41.2k
vsouza,awesome-ios,http://github.com/vsouza/awesome-ios,38.2k
prakhar1989,awesome-courses,http://github.com/prakhar1989/awesome-courses,38k
Solido,awesome-flutter,http://github.com/Solido/awesome-flutter,37.2k
binhnguyennus,awesome-scalability,http://github.com/binhnguyennus/awesome-scalability,35.8k
MunGell,awesome-for-beginners,http://github.com/MunGell/awesome-for-beginners,34.3k
fffaraz,awesome-cpp,http://github.com/fffaraz/awesome-cpp,33.1k
tiimgreen,github-cheat-sheet,http://github.com/tiimgreen/github-cheat-sheet,32.7k
dypsilon,frontend-dev-bookmarks,http://github.com/dypsilon/frontend-dev-bookmarks,32k
akullpp,awesome-java,http://github.com/akullpp/awesome-java,29.8k
dkhamsing,open-source-ios-apps,http://github.com/dkhamsing/open-source-ios-apps,28.1k
brillout,awesome-react-components,http://github.com/brillout/awesome-react-components,27.9k
serhii-londar,open-source-mac-os-apps,http://github.com/serhii-londar/open-source-mac-os-apps,26.8k
ziadoz,awesome-php,http://github.com/ziadoz/awesome-php,25.7k
herrbischoff,awesome-macos-command-line,http://github.com/herrbischoff/awesome-macos-command-line,25.6k
goabstract,Awesome-Design-Tools,http://github.com/goabstract/Awesome-Design-Tools,23.4k
alebcay,awesome-shell,http://github.com/alebcay/awesome-shell,22k
sindresorhus,awesome-electron,http://github.com/sindresorhus/awesome-electron,21.9k
rust-unofficial,awesome-rust,http://github.com/rust-unofficial/awesome-rust,21.6k
serverless,serverless,http://github.com/serverless/serverless,40.7k
localstack,localstack,http://github.com/localstack/localstack,33.9k
donnemartin,data-science-ipython-notebooks,http://github.com/donnemartin/data-science-ipython-notebooks,21.5k
bregman-arie,devops-exercises,http://github.com/bregman-arie/devops-exercises,13.8k
ramitsurana,awesome-kubernetes,http://github.com/ramitsurana/awesome-kubernetes,11.9k
aws,aws-cli,http://github.com/aws/aws-cli,11.4k
kubernetes-sigs,kubespray,http://github.com/kubernetes-sigs/kubespray,11.1k
pulumi,pulumi,http://github.com/pulumi/pulumi,9.8k
donnemartin,awesome-aws,http://github.com/donnemartin/awesome-aws,9.6k
apereo,cas,http://github.com/apereo/cas,8.9k
aws-amplify,amplify-js,http://github.com/aws-amplify/amplify-js,8.4k
apex,up,http://github.com/apex/up,8.3k
aws,chalice,http://github.com/aws/chalice,8.3k
aws,serverless-application-model,http://github.com/aws/serverless-application-model,8.1k
mozilla,sops,http://github.com/mozilla/sops,8.1k
google,go-cloud,http://github.com/google/go-cloud,7.9k
cortexlabs,cortex,http://github.com/cortexlabs/cortex,7.6k
caprover,caprover,http://github.com/caprover/caprover,7.5k
aws,aws-cdk,http://github.com/aws/aws-cdk,7.2k
aws,aws-sdk-go,http://github.com/aws/aws-sdk-go,7.1k
aws,aws-sdk-js,http://github.com/aws/aws-sdk-js,6.7k
angristan,openvpn-install,http://github.com/angristan/openvpn-install,6.7k
boto,boto3,http://github.com/boto/boto3,6.6k
awslabs,aws-shell,http://github.com/awslabs/aws-shell,6.3k
hashicorp,terraform-provider-aws,http://github.com/hashicorp/terraform-provider-aws,6.3k
aws,amazon-sagemaker-examples,http://github.com/aws/amazon-sagemaker-examples,6k
aws,aws-sam-cli,http://github.com/aws/aws-sam-cli,5.7k
GoogleCloudPlatform,terraformer,http://github.com/GoogleCloudPlatform/terraformer,5.6k
gruntwork-io,terratest,http://github.com/gruntwork-io/terratest,5.5k
donnemartin,dev-setup,http://github.com/donnemartin/dev-setup,5.5k
bregman-arie,devops-exercises,http://github.com/bregman-arie/devops-exercises,13.8k
ramitsurana,awesome-kubernetes,http://github.com/ramitsurana/awesome-kubernetes,11.9k
microsoft,recommenders,http://github.com/microsoft/recommenders,11k
Azure,azure-quickstart-templates,http://github.com/Azure/azure-quickstart-templates,10.8k
pulumi,pulumi,http://github.com/pulumi/pulumi,9.8k
mozilla,sops,http://github.com/mozilla/sops,8.1k
microsoft,computervision-recipes,http://github.com/microsoft/computervision-recipes,8k
google,go-cloud,http://github.com/google/go-cloud,7.9k
caprover,caprover,http://github.com/caprover/caprover,7.5k
microsoft,azuredatastudio,http://github.com/microsoft/azuredatastudio,6.5k
node-formidable,formidable,http://github.com/node-formidable/formidable,6k
midwayjs,midway,http://github.com/midwayjs/midway,4.7k
thangchung,clean-code-dotnet,http://github.com/thangchung/clean-code-dotnet,4.1k
infracost,infracost,http://github.com/infracost/infracost,4k
cloud-custodian,cloud-custodian,http://github.com/cloud-custodian/cloud-custodian,3.8k
budtmo,docker-android,http://github.com/budtmo/docker-android,3.7k
nccgroup,ScoutSuite,http://github.com/nccgroup/ScoutSuite,3.5k
simov,grant,http://github.com/simov/grant,3.4k
aquasecurity,tfsec,http://github.com/aquasecurity/tfsec,3.2k
Qovery,engine,http://github.com/Qovery/engine,3.2k
bridgecrewio,checkov,http://github.com/bridgecrewio/checkov,3.1k
Azure,azure-sdk-for-net,http://github.com/Azure/azure-sdk-for-net,2.9k
hashicorp,terraform-provider-azurerm,http://github.com/hashicorp/terraform-provider-azurerm,2.8k
Azure,azure-powershell,http://github.com/Azure/azure-powershell,2.7k
mlabouardy,komiser,http://github.com/mlabouardy/komiser,2.6k
Azure,MachineLearningNotebooks,http://github.com/Azure/MachineLearningNotebooks,2.6k
APIs-guru,openapi-directory,http://github.com/APIs-guru/openapi-directory,2.5k
Azure,azure-cli,http://github.com/Azure/azure-cli,2.5k
microsoft,SynapseML,http://github.com/microsoft/SynapseML,2.4k
smartstore,SmartStoreNET,http://github.com/smartstore/SmartStoreNET,2.3k
babel,babel,http://github.com/babel/babel,39.6k
nylas,nylas-mail,http://github.com/nylas/nylas-mail,24.6k
kriasoft,react-starter-kit,http://github.com/kriasoft/react-starter-kit,20.9k
avajs,ava,http://github.com/avajs/ava,19.2k
electron-react-boilerplate,electron-react-boilerplate,http://github.com/electron-react-boilerplate/electron-react-boilerplate,18.2k
swc-project,swc,http://github.com/swc-project/swc,14.8k
SimulatedGREG,electron-vue,http://github.com/SimulatedGREG/electron-vue,14.3k
grab,front-end-guide,http://github.com/grab/front-end-guide,13.9k
jamiebuilds,babel-handbook,http://github.com/jamiebuilds/babel-handbook,10.3k
grommet,grommet,http://github.com/grommet/grommet,7.5k
developit,htm,http://github.com/developit/htm,7.1k
angular-fullstack,generator-angular-fullstack,http://github.com/angular-fullstack/generator-angular-fullstack,6.1k
insin,nwb,http://github.com/insin/nwb,5.4k
documentationjs,documentation,http://github.com/documentationjs/documentation,5.4k
egoist,poi,http://github.com/egoist/poi,5.3k
thinkjs,thinkjs,http://github.com/thinkjs/thinkjs,5.2k
ben-rogerson,twin.macro,http://github.com/ben-rogerson/twin.macro,4.6k
babel,babel-loader,http://github.com/babel/babel-loader,4.5k
jaredpalmer,backpack,http://github.com/jaredpalmer/backpack,4.5k
transitive-bullshit,create-react-library,http://github.com/transitive-bullshit/create-react-library,4.4k
duxianwei520,react,http://github.com/duxianwei520/react,4.3k
babel,minify,http://github.com/babel/minify,4.3k
fkling,astexplorer,http://github.com/fkling/astexplorer,4.1k
kriasoft,graphql-starter,http://github.com/kriasoft/graphql-starter,3.3k
tleunen,babel-plugin-module-resolver,http://github.com/tleunen/babel-plugin-module-resolver,3.1k
andywer,webpack-blocks,http://github.com/andywer/webpack-blocks,3k
babel,babel-eslint,http://github.com/babel/babel-eslint,3k
kunalkapadia,express-mongoose-es6-rest-api,http://github.com/kunalkapadia/express-mongoose-es6-rest-api,2.8k
uidotdev,react-course,http://github.com/uidotdev/react-course,2.5k
Atyantik,react-pwa,http://github.com/Atyantik/react-pwa,2.4k
jlevy,the-art-of-command-line,http://github.com/jlevy/the-art-of-command-line,94.1k
nvm-sh,nvm,http://github.com/nvm-sh/nvm,51k
junegunn,fzf,http://github.com/junegunn/fzf,38.9k
dylanaraps,pure-bash-bible,http://github.com/dylanaraps/pure-bash-bible,27.6k
mathiasbynens,dotfiles,http://github.com/mathiasbynens/dotfiles,26.8k
koalaman,shellcheck,http://github.com/koalaman/shellcheck,25.9k
acmesh-official,acme.sh,http://github.com/acmesh-official/acme.sh,23.4k
alebcay,awesome-shell,http://github.com/alebcay/awesome-shell,22k
LeCoupa,awesome-cheatsheets,http://github.com/LeCoupa/awesome-cheatsheets,21.7k
starship,starship,http://github.com/starship/starship,18.4k
jaywcjlove,linux-command,http://github.com/jaywcjlove/linux-command,16.6k
Nyr,openvpn-install,http://github.com/Nyr/openvpn-install,13.7k
powerline,powerline,http://github.com/powerline/powerline,12.8k
dylanaraps,neofetch,http://github.com/dylanaraps/neofetch,12.8k
shelljs,shelljs,http://github.com/shelljs/shelljs,12.7k
Bash-it,bash-it,http://github.com/Bash-it/bash-it,12.5k
faressoft,terminalizer,http://github.com/faressoft/terminalizer,11.9k
jessfraz,dockerfiles,http://github.com/jessfraz/dockerfiles,11.2k
denisidoro,navi,http://github.com/denisidoro/navi,9.6k
codota,TabNine,http://github.com/codota/TabNine,8.5k
rgcr,m-cli,http://github.com/rgcr/m-cli,8.5k
alexanderepstein,Bash-Snippets,http://github.com/alexanderepstein/Bash-Snippets,8.4k
kanaka,mal,http://github.com/kanaka/mal,8.1k
direnv,direnv,http://github.com/direnv/direnv,7.8k
skywind3000,awesome-cheatsheets,http://github.com/skywind3000/awesome-cheatsheets,7.5k
angristan,openvpn-install,http://github.com/angristan/openvpn-install,6.7k
carlospolop,PEASS-ng,http://github.com/carlospolop/PEASS-ng,6.2k
Mayccoll,Gogh,http://github.com/Mayccoll/Gogh,6.2k
enquirer,enquirer,http://github.com/enquirer/enquirer,6.2k
webpro,awesome-dotfiles,http://github.com/webpro/awesome-dotfiles,6k
bitcoin,bitcoin,http://github.com/bitcoin/bitcoin,56.8k
ccxt,ccxt,http://github.com/ccxt/ccxt,20.9k
HelloZeroNet,ZeroNet,http://github.com/HelloZeroNet/ZeroNet,17k
freqtrade,freqtrade,http://github.com/freqtrade/freqtrade,11.6k
askmike,gekko,http://github.com/askmike/gekko,9.7k
bbfamily,abu,http://github.com/bbfamily/abu,8.3k
lbryio,lbry-sdk,http://github.com/lbryio/lbry-sdk,7.1k
dvf,blockchain,http://github.com/dvf/blockchain,6.2k
yeasy,blockchain_guide,http://github.com/yeasy/blockchain_guide,5.7k
butor,blackbird,http://github.com/butor/blackbird,5.4k
lightningnetwork,lnd,http://github.com/lightningnetwork/lnd,5.3k
spesmilo,electrum,http://github.com/spesmilo/electrum,5.1k
btcsuite,btcd,http://github.com/btcsuite/btcd,4.4k
bitcoinjs,bitcoinjs-lib,http://github.com/bitcoinjs/bitcoinjs-lib,4.3k
bitcoinj,bitcoinj,http://github.com/bitcoinj/bitcoinj,4.1k
bisq-network,bisq,http://github.com/bisq-network/bisq,3.7k
michaelgrosner,tribeca,http://github.com/michaelgrosner/tribeca,3.6k
Scanate,EthList,http://github.com/Scanate/EthList,3.5k
RomelTorres,alpha_vantage,http://github.com/RomelTorres/alpha_vantage,3.5k
solana-labs,solana,http://github.com/solana-labs/solana,3.5k
Zheaoli,awesome-coins,http://github.com/Zheaoli/awesome-coins,3.4k
CryptoSignal,Crypto-Signal,http://github.com/CryptoSignal/Crypto-Signal,3.4k
coinpride,CryptoList,http://github.com/coinpride/CryptoList,3.3k
bitpay,wallet,http://github.com/bitpay/wallet,3.3k
SqueezerIO,squeezer,http://github.com/SqueezerIO/squeezer,3.2k
Jeiwan,blockchain_go,http://github.com/Jeiwan/blockchain_go,3k
jesse-ai,jesse,http://github.com/jesse-ai/jesse,3k
btcpayserver,btcpayserver,http://github.com/btcpayserver/btcpayserver,2.9k
lbryio,lbrycrd,http://github.com/lbryio/lbrycrd,2.8k
miguelmota,cointop,http://github.com/miguelmota/cointop,2.6k
twbs,bootstrap,http://github.com/twbs/bootstrap,153k
ColorlibHQ,AdminLTE,http://github.com/ColorlibHQ/AdminLTE,39.4k
tabler,tabler,http://github.com/tabler/tabler,24k
mdbootstrap,mdb-ui-kit,http://github.com/mdbootstrap/mdb-ui-kit,21.5k
ColorlibHQ,gentelella,http://github.com/ColorlibHQ/gentelella,20.3k
react-bootstrap,react-bootstrap,http://github.com/react-bootstrap/react-bootstrap,19.9k
verekia,js-stack-from-scratch,http://github.com/verekia/js-stack-from-scratch,18.6k
bootstrap-vue,bootstrap-vue,http://github.com/bootstrap-vue/bootstrap-vue,13.4k
thomaspark,bootswatch,http://github.com/thomaspark/bootswatch,13.1k
uxsolutions,bootstrap-datepicker,http://github.com/uxsolutions/bootstrap-datepicker,12.4k
wenzhixin,bootstrap-table,http://github.com/wenzhixin/bootstrap-table,10.9k
coreui,coreui-free-bootstrap-admin-template,http://github.com/coreui/coreui-free-bootstrap-admin-template,10.9k
reactstrap,reactstrap,http://github.com/reactstrap/reactstrap,10.1k
mdbootstrap,material-design-for-bootstrap,http://github.com/mdbootstrap/material-design-for-bootstrap,9.5k
snapappointments,bootstrap-select,http://github.com/snapappointments/bootstrap-select,9.4k
Templarian,MaterialDesign,http://github.com/Templarian/MaterialDesign,9.3k
StartBootstrap,startbootstrap-sb-admin-2,http://github.com/StartBootstrap/startbootstrap-sb-admin-2,8.9k
ng-bootstrap,ng-bootstrap,http://github.com/ng-bootstrap/ng-bootstrap,7.8k
BlackrockDigital,startbootstrap,http://github.com/BlackrockDigital/startbootstrap,7.1k
olton,Metro-UI-CSS,http://github.com/olton/Metro-UI-CSS,6.8k
creativetimofficial,material-kit,http://github.com/creativetimofficial/material-kit,5.6k
febsteam,FEBS-Shiro,http://github.com/febsteam/FEBS-Shiro,5.6k
valor-software,ngx-bootstrap,http://github.com/valor-software/ngx-bootstrap,5.3k
Bttstrp,bootstrap-switch,http://github.com/Bttstrp/bootstrap-switch,5.1k
jschr,bootstrap-modal,http://github.com/jschr/bootstrap-modal,5k
kartik-v,bootstrap-fileinput,http://github.com/kartik-v/bootstrap-fileinput,5k
seyhunak,twitter-bootstrap-rails,http://github.com/seyhunak/twitter-bootstrap-rails,4.5k
cloudfavorites,favorites-web,http://github.com/cloudfavorites/favorites-web,4.4k
twbs,icons,http://github.com/twbs/icons,4.3k
cydrobolt,polr,http://github.com/cydrobolt/polr,4k
ccxt,ccxt,http://github.com/ccxt/ccxt,20.9k
python-telegram-bot,python-telegram-bot,http://github.com/python-telegram-bot/python-telegram-bot,16.3k
hubotio,hubot,http://github.com/hubotio/hubot,16k
discordjs,discord.js,http://github.com/discordjs/discord.js,15.3k
timgrossmann,InstaPy,http://github.com/timgrossmann/InstaPy,13.2k
RasaHQ,rasa,http://github.com/RasaHQ/rasa,12.6k
gunthercox,ChatterBot,http://github.com/gunthercox/ChatterBot,11.5k
howdyai,botkit,http://github.com/howdyai/botkit,10.4k
botpress,botpress,http://github.com/botpress/botpress,9.3k
sfyc23,EverydayWechat,http://github.com/sfyc23/EverydayWechat,8.5k
leon-ai,leon,http://github.com/leon-ai/leon,7.8k
tgbot-collection,YYeTsBot,http://github.com/tgbot-collection/YYeTsBot,7.5k
EZFNDEV,EZFN-Lobbybot,http://github.com/EZFNDEV/EZFN-Lobbybot,6.9k
microsoft,ailab,http://github.com/microsoft/ailab,6.7k
microsoft,botframework-sdk,http://github.com/microsoft/botframework-sdk,6.6k
maxbbraun,trump2cash,http://github.com/maxbbraun/trump2cash,6k
yagop,node-telegram-bot-api,http://github.com/yagop/node-telegram-bot-api,5.5k
botman,botman,http://github.com/botman/botman,5.5k
deepmipt,DeepPavlov,http://github.com/deepmipt/DeepPavlov,5.4k
telegraf,telegraf,http://github.com/telegraf/telegraf,4.9k
axa-group,nlp.js,http://github.com/axa-group/nlp.js,4.5k
jef,streetmerchant,http://github.com/jef/streetmerchant,4.4k
ohld,igbot,http://github.com/ohld/igbot,4k
PokemonGoF,PokemonGo-Bot,http://github.com/PokemonGoF/PokemonGo-Bot,3.7k
Yoctol,bottender,http://github.com/Yoctol/bottender,3.7k
snipsco,snips-nlu,http://github.com/snipsco/snips-nlu,3.5k
goq,telegram-list,http://github.com/goq/telegram-list,3.2k
orkestral,venom,http://github.com/orkestral/venom,3.1k
pedroslopez,whatsapp-web.js,http://github.com/pedroslopez/whatsapp-web.js,3k
jesse-ai,jesse,http://github.com/jesse-ai/jesse,3k
Genymobile,scrcpy,http://github.com/Genymobile/scrcpy,53.8k
neovim,neovim,http://github.com/neovim/neovim,46.8k
git,git,http://github.com/git/git,39.2k
fffaraz,awesome-cpp,http://github.com/fffaraz/awesome-cpp,33.1k
obsproject,obs-studio,http://github.com/obsproject/obs-studio,30.6k
serhii-londar,open-source-mac-os-apps,http://github.com/serhii-londar/open-source-mac-os-apps,26.8k
FFmpeg,FFmpeg,http://github.com/FFmpeg/FFmpeg,26k
vim,vim,http://github.com/vim/vim,24.6k
ggreer,the_silver_searcher,http://github.com/ggreer/the_silver_searcher,22.5k
curl,curl,http://github.com/curl/curl,21.7k
huihut,interview,http://github.com/huihut/interview,20.2k
ruby,ruby,http://github.com/ruby/ruby,18.4k
google,flatbuffers,http://github.com/google/flatbuffers,16.7k
mpv-player,mpv,http://github.com/mpv-player/mpv,15.8k
oracle,graal,http://github.com/oracle/graal,15.8k
pbatard,rufus,http://github.com/pbatard/rufus,15.7k
radareorg,radare2,http://github.com/radareorg/radare2,14.8k
shadowsocks,shadowsocks-libev,http://github.com/shadowsocks/shadowsocks-libev,14.5k
allinurl,goaccess,http://github.com/allinurl/goaccess,13.7k
microsoft,vcpkg,http://github.com/microsoft/vcpkg,13.6k
vurtun,nuklear,http://github.com/vurtun/nuklear,13.3k
facebook,infer,http://github.com/facebook/infer,12.5k
jarun,nnn,http://github.com/jarun/nnn,12.2k
kovidgoyal,kitty,http://github.com/kovidgoyal/kitty,12.1k
CoatiSoftware,Sourcetrail,http://github.com/CoatiSoftware/Sourcetrail,11.8k
s-matyukevich,raspberry-pi-os,http://github.com/s-matyukevich/raspberry-pi-os,10.6k
hashcat,hashcat,http://github.com/hashcat/hashcat,10.4k
qmk,qmk_firmware,http://github.com/qmk/qmk_firmware,10.4k
jonas,tig,http://github.com/jonas/tig,10.2k
TheAlgorithms,C,http://github.com/TheAlgorithms/C,10.1k
electron,electron,http://github.com/electron/electron,96.6k
FiloSottile,mkcert,http://github.com/FiloSottile/mkcert,31.6k
microsoft,playwright,http://github.com/microsoft/playwright,27.1k
ovity,octotree,http://github.com/ovity/octotree,21.5k
segmentio,nightmare,http://github.com/segmentio/nightmare,19k
iamadamdev,bypass-paywalls-chrome,http://github.com/iamadamdev/bypass-paywalls-chrome,18.3k
jaywcjlove,linux-command,http://github.com/jaywcjlove/linux-command,16.6k
checkly,headless-recorder,http://github.com/checkly/headless-recorder,13.5k
prisma-archive,chromeless,http://github.com/prisma-archive/chromeless,13.3k
google,WebFundamentals,http://github.com/google/WebFundamentals,12.2k
casesandberg,react-color,http://github.com/casesandberg/react-color,10k
GoogleChrome,chrome-extensions-samples,http://github.com/GoogleChrome/chrome-extensions-samples,8.7k
uBlock-LLC,uBlock,http://github.com/uBlock-LLC/uBlock,8.1k
crimx,ext-saladict,http://github.com/crimx/ext-saladict,7.8k
chromedp,chromedp,http://github.com/chromedp/chromedp,6.7k
alvarcarto,url-to-pdf-api,http://github.com/alvarcarto/url-to-pdf-api,6.5k
kangvcar,InfoSpider,http://github.com/kangvcar/InfoSpider,5.8k
MetaMask,metamask-extension,http://github.com/MetaMask/metamask-extension,5.4k
yujiosaka,headless-chrome-crawler,http://github.com/yujiosaka/headless-chrome-crawler,5.1k
Kenshin,simpread,http://github.com/Kenshin/simpread,5k
MontFerret,ferret,http://github.com/MontFerret/ferret,4.6k
firefox-devtools,debugger,http://github.com/firefox-devtools/debugger,4.6k
burtonator,polar-bookshelf,http://github.com/burtonator/polar-bookshelf,4.4k
mjswensen,themer,http://github.com/mjswensen/themer,4.3k
nieweidong,fetool,http://github.com/nieweidong/fetool,4.3k
gildas-lormeau,SingleFile,http://github.com/gildas-lormeau/SingleFile,3.9k
brookhong,Surfingkeys,http://github.com/brookhong/Surfingkeys,3.7k
bilibili-helper,bilibili-helper-o,http://github.com/bilibili-helper/bilibili-helper-o,3.6k
moonD4rk,HackBrowserData,http://github.com/moonD4rk/HackBrowserData,3.5k
melonjs,melonJS,http://github.com/melonjs/melonJS,3.5k
iamadamdev,bypass-paywalls-chrome,http://github.com/iamadamdev/bypass-paywalls-chrome,18.3k
sindresorhus,refined-github,http://github.com/sindresorhus/refined-github,15.3k
checkly,headless-recorder,http://github.com/checkly/headless-recorder,13.5k
unbug,codelf,http://github.com/unbug/codelf,11.7k
darkreader,darkreader,http://github.com/darkreader/darkreader,10.9k
crimx,ext-saladict,http://github.com/crimx/ext-saladict,7.8k
listen1,listen1_chrome_extension,http://github.com/listen1/listen1_chrome_extension,7.7k
appbaseio,dejavu,http://github.com/appbaseio/dejavu,7.4k
alyssaxuu,screenity,http://github.com/alyssaxuu/screenity,6k
Kenshin,simpread,http://github.com/Kenshin/simpread,5k
manojVivek,medium-unlimited,http://github.com/manojVivek/medium-unlimited,4.2k
dessant,buster,http://github.com/dessant/buster,3.9k
dailydotdev,daily,http://github.com/dailydotdev/daily,3.9k
gildas-lormeau,SingleFile,http://github.com/gildas-lormeau/SingleFile,3.9k
zxlie,FeHelper,http://github.com/zxlie/FeHelper,3.7k
dejan,rails_panel,http://github.com/dejan/rails_panel,3.7k
bilibili-helper,bilibili-helper-o,http://github.com/bilibili-helper/bilibili-helper-o,3.6k
altair-graphql,altair,http://github.com/altair-graphql/altair,3.6k
openstyles,stylus,http://github.com/openstyles/stylus,3.5k
KartikTalwar,gmail.js,http://github.com/KartikTalwar/gmail.js,3.4k
lmk123,crx-selection-translate,http://github.com/lmk123/crx-selection-translate,3.4k
honestbleeps,Reddit-Enhancement-Suite,http://github.com/honestbleeps/Reddit-Enhancement-Suite,3.2k
WorldBrain,Memex,http://github.com/WorldBrain/Memex,3.2k
webclipper,web-clipper,http://github.com/webclipper/web-clipper,3.2k
vinta,pangu.js,http://github.com/vinta/pangu.js,3.2k
sunoj,jjb,http://github.com/sunoj/jjb,3k
EmailThis,extension-boilerplate,http://github.com/EmailThis/extension-boilerplate,2.9k
ajayyy,SponsorBlock,http://github.com/ajayyy/SponsorBlock,2.9k
RetireJS,retire.js,http://github.com/RetireJS/retire.js,2.8k
fregante,GhostText,http://github.com/fregante/GhostText,2.6k
httpie,httpie,http://github.com/httpie/httpie,51.8k
junegunn,fzf,http://github.com/junegunn/fzf,38.9k
sharkdp,bat,http://github.com/sharkdp/bat,29.1k
wagoodman,dive,http://github.com/wagoodman/dive,27.4k
BurntSushi,ripgrep,http://github.com/BurntSushi/ripgrep,27k
chubin,cheat.sh,http://github.com/chubin/cheat.sh,26.8k
sherlock-project,sherlock,http://github.com/sherlock-project/sherlock,26.6k
cli,cli,http://github.com/cli/cli,25.2k
angular,angular-cli,http://github.com/angular/angular-cli,24.8k
spf13,cobra,http://github.com/spf13/cobra,23k
alebcay,awesome-shell,http://github.com/alebcay/awesome-shell,22k
jesseduffield,lazygit,http://github.com/jesseduffield/lazygit,21k
google,python-fire,http://github.com/google/python-fire,20k
tqdm,tqdm,http://github.com/tqdm/tqdm,19.3k
avajs,ava,http://github.com/avajs/ava,19.2k
sharkdp,fd,http://github.com/sharkdp/fd,18.7k
vercel,pkg,http://github.com/vercel/pkg,18.7k
n8n-io,n8n,http://github.com/n8n-io/n8n,17.4k
chalk,chalk,http://github.com/chalk/chalk,17k
vadimdemedes,ink,http://github.com/vadimdemedes/ink,16.7k
svg,svgo,http://github.com/svg/svgo,16.6k
urfave,cli,http://github.com/urfave/cli,16.5k
ibraheemdev,modern-unix,http://github.com/ibraheemdev/modern-unix,16k
gpakosz,.tmux,http://github.com/gpakosz/.tmux,14.9k
FormidableLabs,webpack-dashboard,http://github.com/FormidableLabs/webpack-dashboard,13.8k
allinurl,goaccess,http://github.com/allinurl/goaccess,13.7k
infinitered,ignite,http://github.com/infinitered/ignite,12.9k
pomber,git-history,http://github.com/pomber/git-history,12.6k
jarun,nnn,http://github.com/jarun/nnn,12.2k
asdf-vm,asdf,http://github.com/asdf-vm/asdf,11.7k
metabase,metabase,http://github.com/metabase/metabase,25.9k
eclipse,deeplearning4j,http://github.com/eclipse/deeplearning4j,12.2k
LightTable,LightTable,http://github.com/LightTable/LightTable,11.6k
kanaka,mal,http://github.com/kanaka/mal,8.1k
lk-geimfari,awesomo,http://github.com/lk-geimfari/awesomo,8k
logseq,logseq,http://github.com/logseq/logseq,5.8k
penpot,penpot,http://github.com/penpot/penpot,4.8k
reagent-project,reagent,http://github.com/reagent-project/reagent,4.3k
tonsky,datascript,http://github.com/tonsky/datascript,4.3k
riemann,riemann,http://github.com/riemann/riemann,4.1k
weavejester,compojure,http://github.com/weavejester/compojure,3.9k
bbatsov,clojure-style-guide,http://github.com/bbatsov/clojure-style-guide,3.7k
izhangzhihao,intellij-rainbow-brackets,http://github.com/izhangzhihao/intellij-rainbow-brackets,3.6k
ring-clojure,ring,http://github.com/ring-clojure/ring,3.3k
status-im,status-react,http://github.com/status-im/status-react,3.2k
clojure-emacs,cider,http://github.com/clojure-emacs/cider,3.2k
bhauman,lein-figwheel,http://github.com/bhauman/lein-figwheel,2.9k
tallesl,Rich-Hickey-fanclub,http://github.com/tallesl/Rich-Hickey-fanclub,2.8k
viebel,klipse,http://github.com/viebel/klipse,2.7k
twosigma,beakerx,http://github.com/twosigma/beakerx,2.6k
pedestal,pedestal,http://github.com/pedestal/pedestal,2.4k
weavejester,hiccup,http://github.com/weavejester/hiccup,2.3k
razum2um,awesome-clojure,http://github.com/razum2um/awesome-clojure,2.2k
http-kit,http-kit,http://github.com/http-kit/http-kit,2.2k
babashka,babashka,http://github.com/babashka/babashka,2.2k
onyx-platform,onyx,http://github.com/onyx-platform/onyx,2k
anmonteiro,lumo,http://github.com/anmonteiro/lumo,1.8k
defold,defold,http://github.com/defold/defold,1.8k
boot-clj,boot,http://github.com/boot-clj/boot,1.7k
ptaoussanis,sente,http://github.com/ptaoussanis/sente,1.6k
facebook,infer,http://github.com/facebook/infer,12.5k
analysis-tools-dev,static-analysis,http://github.com/analysis-tools-dev/static-analysis,8.9k
checkstyle,checkstyle,http://github.com/checkstyle/checkstyle,6.2k
SonarSource,sonarqube,http://github.com/SonarSource/sonarqube,6k
facebook,pyre-check,http://github.com/facebook/pyre-check,5.5k
Kristories,awesome-guidelines,http://github.com/Kristories/awesome-guidelines,5.4k
simplecov-ruby,simplecov,http://github.com/simplecov-ruby/simplecov,4.3k
reviewdog,reviewdog,http://github.com/reviewdog/reviewdog,4.2k
phpro,grumphp,http://github.com/phpro/grumphp,3.6k
pmd,pmd,http://github.com/pmd/pmd,3.5k
PyCQA,pylint,http://github.com/PyCQA/pylint,3.5k
htmlhint,HTMLHint,http://github.com/htmlhint/HTMLHint,2.7k
kucherenko,jscpd,http://github.com/kucherenko/jscpd,2.2k
codeclimate,codeclimate,http://github.com/codeclimate/codeclimate,2.2k
trekhleb,state-of-the-art-shitcode,http://github.com/trekhleb/state-of-the-art-shitcode,2k
uber,piranha,http://github.com/uber/piranha,1.8k
wemake-services,wemake-python-styleguide,http://github.com/wemake-services/wemake-python-styleguide,1.6k
ehmicky,cross-platform-node-guide,http://github.com/ehmicky/cross-platform-node-guide,1.2k
urish,typewiz,http://github.com/urish/typewiz,1.1k
Tencent,feflow,http://github.com/Tencent/feflow,1k
jakzal,phpqa,http://github.com/jakzal/phpqa,935
joshuaclayton,unused,http://github.com/joshuaclayton/unused,877
imgbot,Imgbot,http://github.com/imgbot/Imgbot,798
SonarSource,SonarTS,http://github.com/SonarSource/SonarTS,772
pdepend,pdepend,http://github.com/pdepend/pdepend,766
bufferapp,android-guidelines,http://github.com/bufferapp/android-guidelines,759
SonarSource,SonarJS,http://github.com/SonarSource/SonarJS,745
sourcery-ai,sourcery,http://github.com/sourcery-ai/sourcery,615
maglnet,ComposerRequireChecker,http://github.com/maglnet/ComposerRequireChecker,595
grodowski,undercover,http://github.com/grodowski/undercover,587
ovity,octotree,http://github.com/ovity/octotree,21.5k
gitpod-io,gitpod,http://github.com/gitpod-io/gitpod,4.9k
danger,danger,http://github.com/danger/danger,4.6k
reviewdog,reviewdog,http://github.com/reviewdog/reviewdog,4.2k
danger,danger-js,http://github.com/danger/danger-js,3.9k
joho,awesome-code-review,http://github.com/joho/awesome-code-review,3k
houndci,hound,http://github.com/houndci/hound,1.9k
ajinabraham,nodejsscan,http://github.com/ajinabraham/nodejsscan,1.8k
mbj,mutant,http://github.com/mbj/mutant,1.7k
microsoft,vscode-pull-request-github,http://github.com/microsoft/vscode-pull-request-github,1.7k
crev-dev,cargo-crev,http://github.com/crev-dev/cargo-crev,1.4k
reviewboard,reviewboard,http://github.com/reviewboard/reviewboard,1.4k
bit4woo,python_sec,http://github.com/bit4woo/python_sec,981
ryanmcdermott,code-review-tips,http://github.com/ryanmcdermott/code-review-tips,964
code-review-checklists,java-concurrency,http://github.com/code-review-checklists/java-concurrency,937
jiangsir404,Audit-Learning,http://github.com/jiangsir404/Audit-Learning,804
TeamCodeStream,codestream,http://github.com/TeamCodeStream/codestream,635
enlightn,enlightn,http://github.com/enlightn/enlightn,515
uwolfer,gerrit-intellij-plugin,http://github.com/uwolfer/gerrit-intellij-plugin,423
palantir,policy-bot,http://github.com/palantir/policy-bot,401
bsamseth,cpp-project,http://github.com/bsamseth/cpp-project,387
mookid,diffr,http://github.com/mookid/diffr,371
sjparkinson,static-review,http://github.com/sjparkinson/static-review,329
dpnishant,raptor,http://github.com/dpnishant/raptor,323
mgreiler,code-review-checklist,http://github.com/mgreiler/code-review-checklist,318
burrito-brothers,shiba,http://github.com/burrito-brothers/shiba,281
charignon,github-review,http://github.com/charignon/github-review,244
src-d,lookout,http://github.com/src-d/lookout,143
uwolfer,gerrit-rest-java-client,http://github.com/uwolfer/gerrit-rest-java-client,137
thesp0nge,owasp-orizon,http://github.com/thesp0nge/owasp-orizon,134
vercel,next.js,http://github.com/vercel/next.js,72.8k
webpack,webpack,http://github.com/webpack/webpack,59.2k
rust-lang,rust,http://github.com/rust-lang/rust,58.3k
gatsbyjs,gatsby,http://github.com/gatsbyjs/gatsby,51.2k
sveltejs,svelte,http://github.com/sveltejs/svelte,50k
babel,babel,http://github.com/babel/babel,39.6k
parcel-bundler,parcel,http://github.com/parcel-bundler/parcel,38.8k
JetBrains,kotlin,http://github.com/JetBrains/kotlin,38.6k
evanw,esbuild,http://github.com/evanw/esbuild,26.9k
markedjs,marked,http://github.com/markedjs/marked,25.8k
vlang,v,http://github.com/vlang/v,25.2k
vercel,pkg,http://github.com/vercel/pkg,18.7k
v8,v8,http://github.com/v8/v8,18.2k
swc-project,swc,http://github.com/swc-project/swc,14.8k
AssemblyScript,assemblyscript,http://github.com/AssemblyScript/assemblyscript,12.6k
Konloch,bytecode-viewer,http://github.com/Konloch/bytecode-viewer,12.4k
nim-lang,Nim,http://github.com/nim-lang/Nim,11.8k
gopherjs,gopherjs,http://github.com/gopherjs/gopherjs,10.4k
ziglang,zig,http://github.com/ziglang/zig,10.2k
compiler-explorer,compiler-explorer,http://github.com/compiler-explorer/compiler-explorer,9.3k
apache,tvm,http://github.com/apache/tvm,7.1k
JetBrains,kotlin-native,http://github.com/JetBrains/kotlin-native,7.1k
numba,numba,http://github.com/numba/numba,6.8k
elm,compiler,http://github.com/elm/compiler,6.6k
aalhour,awesome-compilers,http://github.com/aalhour/awesome-compilers,6.2k
Nuitka,Nuitka,http://github.com/Nuitka/Nuitka,5.8k
DoctorWkt,acwj,http://github.com/DoctorWkt/acwj,5.6k
lebab,lebab,http://github.com/lebab/lebab,5.4k
rescript-lang,rescript-compiler,http://github.com/rescript-lang/rescript-compiler,5.4k
enso-org,enso,http://github.com/enso-org/enso,5k
localstack,localstack,http://github.com/localstack/localstack,33.9k
drone,drone,http://github.com/drone/drone,23.8k
jenkinsci,jenkins,http://github.com/jenkinsci/jenkins,17.8k
auchenberg,volkswagen,http://github.com/auchenberg/volkswagen,12k
openshift,origin,http://github.com/openshift/origin,8k
gocd,gocd,http://github.com/gocd/gocd,6.2k
concourse,concourse,http://github.com/concourse/concourse,5.9k
buildbot,buildbot,http://github.com/buildbot/buildbot,4.7k
Strider-CD,strider,http://github.com/Strider-CD/strider,4.5k
gaia-pipeline,gaia,http://github.com/gaia-pipeline/gaia,4.5k
theonedev,onedev,http://github.com/theonedev/onedev,4.3k
jenkins-x,jx,http://github.com/jenkins-x/jx,3.9k
hygieia,hygieia,http://github.com/hygieia/hygieia,3.6k
xcpretty,xcpretty,http://github.com/xcpretty/xcpretty,3.6k
ovh,cds,http://github.com/ovh/cds,3.5k
cake-build,cake,http://github.com/cake-build/cake,3k
ligurio,awesome-ci,http://github.com/ligurio/awesome-ci,2.7k
werf,werf,http://github.com/werf/werf,2.6k
dancryer,PHPCI,http://github.com/dancryer/PHPCI,2.4k
tox-dev,tox,http://github.com/tox-dev/tox,2.4k
TheLartians,ModernCppStarter,http://github.com/TheLartians/ModernCppStarter,2.1k
dreamans,syncd,http://github.com/dreamans/syncd,2k
houndci,hound,http://github.com/houndci/hound,1.9k
fabric8io,fabric8,http://github.com/fabric8io/fabric8,1.8k
shivammathur,setup-php,http://github.com/shivammathur/setup-php,1.8k
lastbackend,lastbackend,http://github.com/lastbackend/lastbackend,1.5k
nuke-build,nuke,http://github.com/nuke-build/nuke,1.3k
FlowCI,flow-core-x,http://github.com/FlowCI/flow-core-x,1.2k
japaric,trust,http://github.com/japaric/trust,1.1k
k1LoW,tbls,http://github.com/k1LoW/tbls,1.1k
CSSEGISandData,COVID-19,http://github.com/CSSEGISandData/COVID-19,27.4k
covid19india,covid19india-react,http://github.com/covid19india/covid19india-react,6.7k
nytimes,covid-19-data,http://github.com/nytimes/covid-19-data,6.5k
tokyo-metropolitan-gov,covid19,http://github.com/tokyo-metropolitan-gov/covid19,6.2k
owid,covid-19-data,http://github.com/owid/covid-19-data,4.2k
pcm-dpc,COVID-19,http://github.com/pcm-dpc/COVID-19,3.9k
ieee8023,covid-chestxray-dataset,http://github.com/ieee8023/covid-chestxray-dataset,2.7k
WorldHealthOrganization,app,http://github.com/WorldHealthOrganization/app,2.1k
geohot,corona,http://github.com/geohot/corona,2.1k
ahmadawais,corona-cli,http://github.com/ahmadawais/corona-cli,1.8k
corona-warn-app,cwa-server,http://github.com/corona-warn-app/cwa-server,1.8k
ExpDev07,coronavirus-tracker-api,http://github.com/ExpDev07/coronavirus-tracker-api,1.6k
soroushchehresa,awesome-coronavirus,http://github.com/soroushchehresa/awesome-coronavirus,1.4k
mhdhejazi,CoronaTracker,http://github.com/mhdhejazi/CoronaTracker,1.4k
neherlab,covid19_scenarios,http://github.com/neherlab/covid19_scenarios,1.4k
github,covid19-dashboard,http://github.com/github/covid19-dashboard,1.3k
pomber,covid19,http://github.com/pomber/covid19,1.2k
FoldingAtHome,coronavirus,http://github.com/FoldingAtHome/coronavirus,1.1k
datasets,covid-19,http://github.com/datasets/covid-19,1.1k
chrismattmann,tika-python,http://github.com/chrismattmann/tika-python,1.1k
lindawangg,COVID-Net,http://github.com/lindawangg/COVID-Net,1k
chandrikadeb7,Face-Mask-Detection,http://github.com/chandrikadeb7/Face-Mask-Detection,981
covidpass-org,covidpass,http://github.com/covidpass-org/covidpass,952
ImperialCollegeLondon,covid19model,http://github.com/ImperialCollegeLondon/covid19model,931
cyberman54,ESP32-Paxcounter,http://github.com/cyberman54/ESP32-Paxcounter,912
UCSD-AI4H,COVID-CT,http://github.com/UCSD-AI4H/COVID-CT,876
makers-for-life,makair,http://github.com/makers-for-life/makair,731
neuml,paperai,http://github.com/neuml/paperai,638
globalcitizen,2019-wuhan-coronavirus-data,http://github.com/globalcitizen/2019-wuhan-coronavirus-data,625
pallupz,covid-vaccine-booking,http://github.com/pallupz/covid-vaccine-booking,623
CyC2018,CS-Notes,http://github.com/CyC2018/CS-Notes,138k
practical-tutorials,project-based-learning,http://github.com/practical-tutorials/project-based-learning,55.4k
azl397985856,leetcode,http://github.com/azl397985856/leetcode,43.9k
x64dbg,x64dbg,http://github.com/x64dbg/x64dbg,37.3k
fffaraz,awesome-cpp,http://github.com/fffaraz/awesome-cpp,33.1k
microsoft,calculator,http://github.com/microsoft/calculator,22.6k
CMU-Perceptual-Computing-Lab,openpose,http://github.com/CMU-Perceptual-Computing-Lab/openpose,21.8k
huihut,interview,http://github.com/huihut/interview,20.2k
yuzu-emu,yuzu,http://github.com/yuzu-emu/yuzu,16.1k
youngyangyang04,leetcode-master,http://github.com/youngyangyang04/leetcode-master,15.4k
changkun,modern-cpp-tutorial,http://github.com/changkun/modern-cpp-tutorial,14.8k
TheAlgorithms,C-Plus-Plus,http://github.com/TheAlgorithms/C-Plus-Plus,14.5k
microsoft,vcpkg,http://github.com/microsoft/vcpkg,13.6k
AnthonyCalandra,modern-cpp-features,http://github.com/AnthonyCalandra/modern-cpp-features,12.5k
facebook,infer,http://github.com/facebook/infer,12.5k
gabime,spdlog,http://github.com/gabime/spdlog,12.5k
Qv2ray,Qv2ray,http://github.com/Qv2ray/Qv2ray,12.3k
CoatiSoftware,Sourcetrail,http://github.com/CoatiSoftware/Sourcetrail,11.8k
ethereum,solidity,http://github.com/ethereum/solidity,11.7k
google,tink,http://github.com/google/tink,11.6k
ssloy,tinyrenderer,http://github.com/ssloy/tinyrenderer,11.2k
antlr,antlr4,http://github.com/antlr/antlr4,10.6k
SFTtech,openage,http://github.com/SFTtech/openage,10.5k
kyleneideck,BackgroundMusic,http://github.com/kyleneideck/BackgroundMusic,10k
OpenRCT2,OpenRCT2,http://github.com/OpenRCT2/OpenRCT2,9.9k
compiler-explorer,compiler-explorer,http://github.com/compiler-explorer/compiler-explorer,9.3k
hmemcpy,milewski-ctfp-pdf,http://github.com/hmemcpy/milewski-ctfp-pdf,8.7k
codota,TabNine,http://github.com/codota/TabNine,8.5k
nasa,fprime,http://github.com/nasa/fprime,8.4k
rigtorp,awesome-modern-cpp,http://github.com/rigtorp/awesome-modern-cpp,8.3k
